Date,Open,High,Low,Close,Adj Close,Volume
2023-01-03,243.08 ,245.75 ,237.40 ,239.58 ,236.6092377,25740000
2023-01-04,232.28 ,232.87 ,225.96 ,229.10 ,226.2591858,50623400
2023-01-05,227.20 ,227.55 ,221.76 ,222.31 ,219.55336,39585600
2023-01-06,223.00 ,225.76 ,219.35 ,224.93 ,222.1408691,43613600
2023-01-09,226.45 ,231.24 ,226.41 ,227.12 ,224.3037109,27369800
2023-01-10,227.76 ,231.31 ,227.33 ,228.85 ,226.0122681,27033900
2023-01-11,231.29 ,235.95 ,231.11 ,235.77 ,232.8464661,28669300
2023-01-12,235.26 ,239.90 ,233.56 ,238.51 ,235.552475,27269500
2023-01-13,237.00 ,239.37 ,234.92 ,239.23 ,236.2635651,21333300
2023-01-17,237.97 ,240.91 ,237.09 ,240.35 ,237.3696899,29831300
2023-01-18,241.57 ,242.38 ,235.52 ,235.81 ,232.8859558,30028700
2023-01-19,233.78 ,235.52 ,230.68 ,231.93 ,229.0540771,28623000
2023-01-20,234.86 ,240.74 ,234.51 ,240.22 ,237.2412872,35389800
2023-01-23,241.10 ,245.17 ,239.65 ,242.58 ,239.5720215,31934000
2023-01-24,242.50 ,243.95 ,240.44 ,242.04 ,239.0387115,40234400
2023-01-25,234.48 ,243.30 ,230.90 ,240.61 ,237.6264496,66526600
2023-01-26,243.65 ,248.31 ,242.00 ,248.00 ,244.9248199,33454500
2023-01-27,248.99 ,249.83 ,246.83 ,248.16 ,245.08284,26498900
2023-01-30,244.51 ,245.60 ,242.20 ,242.71 ,239.7004242,25867400
2023-01-31,243.45 ,247.95 ,242.95 ,247.81 ,244.7371674,26541100
2023-02-01,248.00 ,255.18 ,245.47 ,252.75 ,249.615921,31259900
2023-02-02,258.82 ,264.69 ,257.25 ,264.60 ,261.3189697,39940400
2023-02-03,259.54 ,264.20 ,257.10 ,258.35 ,255.1464691,29077300
2023-02-06,257.44 ,258.30 ,254.78 ,256.77 ,253.5860596,22518000
2023-02-07,260.53 ,268.77 ,260.08 ,267.56 ,264.2422791,50841400
2023-02-08,273.20 ,276.76 ,266.21 ,266.73 ,263.4225769,54686000
2023-02-09,273.80 ,273.98 ,262.80 ,263.62 ,260.3510742,42375100
2023-02-10,261.53 ,264.09 ,260.66 ,263.10 ,259.8375549,25818500
2023-02-13,267.64 ,274.60 ,267.15 ,271.32 ,267.9556885,44630900
2023-02-14,272.67 ,274.97 ,269.28 ,272.17 ,268.7951355,37047900
2023-02-15,268.32 ,270.73 ,266.18 ,269.32 ,266.6466675,28922400
2023-02-16,264.02 ,266.74 ,261.90 ,262.15 ,259.547821,29603600
2023-02-17,259.39 ,260.09 ,256.00 ,258.06 ,255.4984131,30000100
2023-02-21,254.48 ,255.49 ,251.59 ,252.67 ,250.1619263,28397400
2023-02-22,254.09 ,254.34 ,250.34 ,251.51 ,249.0134277,22491100
2023-02-23,255.56 ,256.84 ,250.48 ,254.77 ,252.2410736,29219100
2023-02-24,249.96 ,251.00 ,248.10 ,249.22 ,246.7461548,24990900
2023-02-27,252.46 ,252.82 ,249.39 ,250.16 ,247.6768341,21190000
2023-02-28,249.07 ,251.49 ,248.73 ,249.42 ,246.9441681,22491000
2023-03-01,250.76 ,250.93 ,245.79 ,246.27 ,243.8254547,27565300
2023-03-02,246.55 ,251.40 ,245.61 ,251.11 ,248.6174011,24808200
2023-03-03,252.19 ,255.62 ,251.39 ,255.29 ,252.7559204,30760100
2023-03-06,256.43 ,260.12 ,255.98 ,256.87 ,254.3202362,24109800
2023-03-07,256.30 ,257.69 ,253.39 ,254.15 ,251.6272125,21473200
2023-03-08,254.04 ,254.54 ,250.81 ,253.70 ,251.1816864,17340200
2023-03-09,255.82 ,259.56 ,251.58 ,252.32 ,249.8154144,26653400
2023-03-10,251.08 ,252.79 ,247.60 ,248.59 ,246.122406,28333900
2023-03-13,247.40 ,257.91 ,245.73 ,253.92 ,251.3995056,33339700
2023-03-14,256.75 ,261.07 ,255.86 ,260.79 ,258.2013245,33620300
2023-03-15,259.98 ,266.48 ,259.21 ,265.44 ,262.8051453,46028000
2023-03-16,265.21 ,276.56 ,263.28 ,276.20 ,273.458374,54768800
2023-03-17,278.26 ,283.33 ,276.32 ,279.43 ,276.6562805,69527400
2023-03-20,276.98 ,277.48 ,269.85 ,272.23 ,269.527771,43466600
2023-03-21,274.88 ,275.00 ,269.52 ,273.78 ,271.0623474,34558700
2023-03-22,273.40 ,281.04 ,272.18 ,272.29 ,269.5871887,34873300
2023-03-23,277.94 ,281.06 ,275.20 ,277.66 ,274.9038696,36610900
2023-03-24,277.24 ,280.63 ,275.28 ,280.57 ,277.7850037,28172000
2023-03-27,280.50 ,281.46 ,275.52 ,276.38 ,273.6365967,26840200
2023-03-28,275.79 ,276.14 ,272.05 ,275.23 ,272.4980164,21878600
2023-03-29,278.96 ,281.14 ,278.41 ,280.51 ,277.7255859,25087000
2023-03-30,284.23 ,284.46 ,281.48 ,284.05 ,281.2304382,25053400
2023-03-31,283.73 ,289.27 ,283.00 ,288.30 ,285.4382324,32766000
2023-04-03,286.52 ,288.27 ,283.95 ,287.23 ,284.3788757,24883300
2023-04-04,287.23 ,290.45 ,285.67 ,287.18 ,284.3293762,25824300
2023-04-05,285.85 ,287.15 ,282.92 ,284.34 ,281.5175171,22064800
2023-04-06,283.21 ,292.08 ,282.03 ,291.60 ,288.7054749,29770300
2023-04-10,289.21 ,289.60 ,284.71 ,289.39 ,286.5174561,23103000
2023-04-11,285.75 ,285.98 ,281.64 ,282.83 ,280.022522,27276600
2023-04-12,284.79 ,287.01 ,281.96 ,283.49 ,280.6759949,27403400
2023-04-13,283.59 ,289.90 ,283.17 ,289.84 ,286.9629517,24222700
2023-04-14,287.00 ,288.48 ,283.69 ,286.14 ,283.2996826,20987900
2023-04-17,289.93 ,291.60 ,286.16 ,288.80 ,285.9332581,23836200
2023-04-18,291.57 ,291.76 ,287.01 ,288.37 ,285.5075378,20161800
2023-04-19,285.99 ,289.05 ,284.54 ,288.45 ,285.5867615,17150300
2023-04-20,285.25 ,289.03 ,285.08 ,286.11 ,283.269928,23244400
2023-04-21,285.01 ,286.27 ,283.06 ,285.76 ,282.9234924,21676400
2023-04-24,282.09 ,284.95 ,278.72 ,281.77 ,278.973053,26611000
2023-04-25,279.51 ,281.60 ,275.37 ,275.42 ,272.6861267,45772200
2023-04-26,296.70 ,299.57 ,292.73 ,295.37 ,292.4380493,64599200
2023-04-27,295.97 ,305.20 ,295.25 ,304.83 ,301.8041382,46462600
2023-04-28,304.01 ,308.93 ,303.31 ,307.26 ,304.210083,36446700
2023-05-01,306.97 ,308.60 ,305.15 ,305.56 ,302.5269165,21294100
2023-05-02,307.76 ,309.18 ,303.91 ,305.41 ,302.3783875,26404400
2023-05-03,306.62 ,308.61 ,304.09 ,304.40 ,301.3784485,22360800
2023-05-04,306.24 ,307.76 ,303.40 ,305.41 ,302.3783875,22519900
2023-05-05,305.72 ,311.97 ,304.27 ,310.65 ,307.5664063,28181200
2023-05-08,310.13 ,310.20 ,306.09 ,308.65 ,305.5862122,21318600
2023-05-09,308.00 ,310.04 ,306.31 ,307.00 ,303.9526062,21340800
2023-05-10,308.62 ,313.00 ,307.67 ,312.31 ,309.2098999,30078000
2023-05-11,310.10 ,311.12 ,306.26 ,310.11 ,307.0317078,31680200
2023-05-12,310.55 ,310.65 ,306.60 ,308.97 ,305.9031067,19758100
2023-05-15,309.10 ,309.90 ,307.59 ,309.46 ,306.3882141,16336500
2023-05-16,309.83 ,313.71 ,309.83 ,311.74 ,308.6455994,26730300
2023-05-17,312.29 ,314.43 ,310.74 ,314.00 ,311.5627441,24315000
2023-05-18,314.53 ,319.04 ,313.72 ,318.52 ,316.0476685,27276000
2023-05-19,316.74 ,318.75 ,316.37 ,318.34 ,315.8690491,27529500
2023-05-22,318.60 ,322.59 ,318.01 ,321.18 ,318.6870117,24115700
2023-05-23,320.03 ,322.72 ,315.25 ,315.26 ,312.8129578,30797200
2023-05-24,314.73 ,316.50 ,312.61 ,313.85 ,311.4139099,23384900
2023-05-25,323.24 ,326.90 ,320.00 ,325.92 ,323.3901978,43301700
2023-05-26,324.02 ,333.40 ,323.88 ,332.89 ,330.3061523,36630600
2023-05-30,335.23 ,335.74 ,330.52 ,331.21 ,328.6391602,29503100
2023-05-31,332.29 ,335.94 ,327.33 ,328.39 ,325.8410645,45950600
2023-06-01,325.93 ,333.53 ,324.72 ,332.58 ,329.9985046,26773900
2023-06-02,334.25 ,337.50 ,332.55 ,335.40 ,332.7966309,25864000
2023-06-05,335.22 ,338.56 ,334.66 ,335.94 ,333.332489,21307100
2023-06-06,335.33 ,335.37 ,332.17 ,333.68 ,331.0899658,20396200
2023-06-07,331.65 ,334.49 ,322.50 ,323.38 ,320.8699341,40717100
2023-06-08,323.94 ,326.64 ,323.35 ,325.26 ,322.7353516,23277700
2023-06-09,324.99 ,329.99 ,324.41 ,326.79 ,324.253479,22514900
2023-06-12,328.58 ,332.10 ,325.16 ,331.85 ,329.2742004,24260300
2023-06-13,334.47 ,336.98 ,330.39 ,334.29 ,331.6952515,22951300
2023-06-14,334.34 ,339.04 ,332.81 ,337.34 ,334.7215881,26003800
2023-06-15,337.48 ,349.84 ,337.20 ,348.10 ,345.3980408,38899100
2023-06-16,351.32 ,351.47 ,341.95 ,342.33 ,339.6728516,46533600
2023-06-20,339.31 ,342.08 ,335.86 ,338.05 ,335.4260864,26375400
2023-06-21,336.37 ,337.73 ,332.07 ,333.56 ,330.9708862,25117800
2023-06-22,334.12 ,340.12 ,333.34 ,339.71 ,337.0731812,23556800
2023-06-23,334.36 ,337.96 ,333.45 ,335.02 ,332.4195862,23084700
2023-06-26,333.72 ,336.11 ,328.49 ,328.60 ,326.0494385,21520600
2023-06-27,331.86 ,336.15 ,329.30 ,334.57 ,331.9730835,24354100
2023-06-28,334.66 ,337.98 ,333.81 ,335.85 ,333.2431641,20259500
2023-06-29,334.71 ,336.11 ,332.62 ,335.05 ,332.4493408,16997000
2023-06-30,337.75 ,342.73 ,337.20 ,340.54 ,337.896759,26823800
2023-07-03,339.19 ,340.90 ,336.57 ,337.99 ,335.3665161,12508700
2023-07-05,335.09 ,341.65 ,334.73 ,338.15 ,335.5252991,18172400
2023-07-06,337.30 ,342.99 ,335.50 ,341.27 ,338.6210938,28161200
2023-07-07,339.32 ,341.79 ,337.00 ,337.22 ,334.6025085,21185300
2023-07-10,334.60 ,335.23 ,327.59 ,331.83 ,329.2543335,32791400
2023-07-11,331.06 ,332.86 ,327.00 ,332.47 ,329.8894043,26698200
2023-07-12,336.60 ,341.65 ,335.67 ,337.20 ,334.5826721,29995300
2023-07-13,339.56 ,343.74 ,339.02 ,342.66 ,340.0002747,20567200
2023-07-14,347.59 ,351.43 ,344.31 ,345.24 ,342.5602722,28302200
2023-07-17,345.68 ,346.99 ,342.20 ,345.73 ,343.0464478,20363900
2023-07-18,345.83 ,366.78 ,342.17 ,359.49 ,356.6996155,64872700
2023-07-19,361.75 ,362.46 ,352.44 ,355.08 ,352.3238831,39732900
2023-07-20,353.57 ,357.97 ,345.37 ,346.87 ,344.1776428,33778400
2023-07-21,349.15 ,350.30 ,339.83 ,343.77 ,341.1016541,69368900
2023-07-24,345.85 ,346.92 ,342.31 ,345.11 ,342.4312744,26678100
2023-07-25,347.11 ,351.89 ,345.07 ,350.98 ,348.2557373,41637700
2023-07-26,341.44 ,344.67 ,333.11 ,337.77 ,335.1482544,58383700
2023-07-27,340.48 ,341.33 ,329.05 ,330.72 ,328.1529541,39635300
2023-07-28,333.67 ,340.01 ,333.17 ,338.37 ,335.7435913,28484900
2023-07-31,336.92 ,337.70 ,333.36 ,335.92 ,333.3126221,25446000
2023-08-01,335.19 ,338.54 ,333.70 ,336.34 ,333.7293396,18311900
2023-08-02,333.63 ,333.63 ,326.36 ,327.50 ,324.9579773,27761300
2023-08-03,326.00 ,329.88 ,325.95 ,326.66 ,324.1244812,18253700
2023-08-04,331.88 ,335.14 ,327.24 ,327.78 ,325.2357788,23727700
2023-08-07,328.37 ,331.11 ,327.52 ,330.11 ,327.5476685,17741500
2023-08-08,326.96 ,328.75 ,323.00 ,326.05 ,323.5192261,22327600
2023-08-09,326.47 ,327.11 ,321.05 ,322.23 ,319.7289124,22373300
2023-08-10,326.02 ,328.26 ,321.18 ,322.93 ,320.4234314,20113700
2023-08-11,320.26 ,322.41 ,319.21 ,321.01 ,318.5183411,24342600
2023-08-14,321.39 ,324.06 ,320.08 ,324.04 ,321.5248413,18836100
2023-08-15,323.00 ,325.09 ,320.90 ,321.86 ,319.3616943,16966300
2023-08-16,320.80 ,324.42 ,319.80 ,320.40 ,318.5861511,20698900
2023-08-17,320.54 ,321.87 ,316.21 ,316.88 ,315.0861206,21257200
2023-08-18,314.49 ,318.38 ,311.55 ,316.48 ,314.688385,24744800
2023-08-21,317.93 ,322.77 ,317.04 ,321.88 ,320.0578003,24040000
2023-08-22,325.50 ,326.08 ,321.46 ,322.46 ,320.634491,16102000
2023-08-23,323.82 ,329.20 ,323.46 ,327.00 ,325.1488037,21166400
2023-08-24,332.85 ,332.98 ,319.96 ,319.97 ,318.1585999,23281400
2023-08-25,321.47 ,325.36 ,318.80 ,322.98 ,321.1515808,21684100
2023-08-28,325.66 ,326.15 ,321.72 ,323.70 ,321.8674927,14808500
2023-08-29,321.88 ,328.98 ,321.88 ,328.41 ,326.5508118,19284600
2023-08-30,328.67 ,329.81 ,326.45 ,328.79 ,326.9286804,15222100
2023-08-31,329.20 ,330.91 ,326.78 ,327.76 ,325.904541,26411000
2023-09-01,331.31 ,331.99 ,326.78 ,328.66 ,326.799408,14931200
2023-09-05,329.00 ,334.85 ,328.66 ,333.55 ,331.6616821,18553900
2023-09-06,333.38 ,334.46 ,330.18 ,332.88 ,330.9955444,17535800
2023-09-07,331.29 ,333.08 ,329.03 ,329.91 ,328.0423279,18381000
2023-09-08,330.09 ,336.16 ,329.46 ,334.27 ,332.3776245,19530100
2023-09-11,337.24 ,338.42 ,335.43 ,337.94 ,336.0268555,16583300
2023-09-12,335.82 ,336.79 ,331.48 ,331.77 ,329.8917847,17565500
2023-09-13,331.31 ,336.85 ,331.17 ,336.06 ,334.1575317,16544400
2023-09-14,339.15 ,340.86 ,336.57 ,338.70 ,336.7825623,20267000
2023-09-15,336.92 ,337.40 ,329.65 ,330.22 ,328.3505554,37666900
2023-09-18,327.80 ,330.40 ,326.36 ,329.06 ,327.197113,16834200
2023-09-19,326.17 ,329.39 ,324.51 ,328.65 ,326.7894287,16505900
2023-09-20,329.51 ,329.59 ,320.51 ,320.77 ,318.954071,21436500
2023-09-21,319.26 ,325.35 ,315.00 ,319.53 ,317.7210999,35529500
2023-09-22,321.32 ,321.45 ,316.15 ,317.01 ,315.2153625,21447900
2023-09-25,316.59 ,317.67 ,315.00 ,317.54 ,315.7423706,17836000
2023-09-26,315.13 ,315.88 ,310.02 ,312.14 ,310.3729553,26297600
2023-09-27,312.30 ,314.30 ,309.69 ,312.79 ,311.0192261,19410100
2023-09-28,310.99 ,315.48 ,309.45 ,313.64 ,311.8644409,19683600
2023-09-29,317.75 ,319.47 ,314.98 ,315.75 ,313.9624939,24140300
2023-10-02,316.28 ,321.89 ,315.18 ,321.80 ,319.978241,20570000
2023-10-03,320.83 ,321.39 ,311.21 ,313.39 ,311.6158447,21033500
2023-10-04,314.03 ,320.04 ,314.00 ,318.96 ,317.1543274,20720100
2023-10-05,319.09 ,319.98 ,314.90 ,319.36 ,317.5520325,16965600
2023-10-06,316.55 ,329.19 ,316.30 ,327.26 ,325.4073486,25645500
2023-10-09,324.75 ,330.30 ,323.18 ,329.82 ,327.9528503,19891200
2023-10-10,330.96 ,331.10 ,327.67 ,328.39 ,326.5309753,20557100
2023-10-11,331.21 ,332.82 ,329.14 ,332.42 ,330.538147,20063200
2023-10-12,330.57 ,333.63 ,328.72 ,331.16 ,329.2852783,19313100
2023-10-13,332.38 ,333.83 ,326.36 ,327.73 ,325.8746948,21072400
2023-10-16,331.05 ,336.14 ,330.60 ,332.64 ,330.756897,22158000
2023-10-17,329.59 ,333.46 ,327.41 ,332.06 ,330.1801453,18338500
2023-10-18,332.49 ,335.59 ,328.30 ,330.11 ,328.2411804,23153600
2023-10-19,332.15 ,336.88 ,330.91 ,331.32 ,329.4443359,25052100
2023-10-20,331.72 ,331.92 ,325.45 ,326.67 ,324.8207092,25012600
2023-10-23,325.47 ,332.73 ,324.39 ,329.32 ,327.4556885,24374700
2023-10-24,331.30 ,331.84 ,327.60 ,330.53 ,328.658844,31153600
2023-10-25,345.02 ,346.20 ,337.62 ,340.67 ,338.7414551,55053800
2023-10-26,340.54 ,341.63 ,326.94 ,327.89 ,326.033783,37828500
2023-10-27,330.43 ,336.72 ,328.40 ,329.81 ,327.9429016,29856500
2023-10-30,333.41 ,339.45 ,331.83 ,337.31 ,335.4004211,22828100
2023-10-31,338.85 ,339.00 ,334.69 ,338.11 ,336.1958923,20265300
2023-11-01,339.79 ,347.42 ,339.65 ,346.07 ,344.1108704,28158800
2023-11-02,347.24 ,348.83 ,344.77 ,348.32 ,346.348114,24348100
2023-11-03,349.63 ,354.39 ,347.33 ,352.80 ,350.8027344,23624000
2023-11-06,353.45 ,357.54 ,353.35 ,356.53 ,354.5116272,23828300
2023-11-07,359.40 ,362.46 ,357.63 ,360.53 ,358.4890137,25833900
2023-11-08,361.68 ,363.87 ,360.55 ,363.20 ,361.1438904,26767800
2023-11-09,362.30 ,364.79 ,360.36 ,360.69 ,358.6480713,24847300
2023-11-10,361.49 ,370.10 ,361.07 ,369.67 ,367.5772705,28042100
2023-11-13,368.22 ,368.47 ,365.90 ,366.68 ,364.6041565,19986500
2023-11-14,371.01 ,371.95 ,367.35 ,370.27 ,368.1738281,27683900
2023-11-15,371.28 ,373.13 ,367.11 ,369.67 ,368.3233032,26860100
2023-11-16,370.96 ,376.35 ,370.18 ,376.17 ,374.7996521,27182300
2023-11-17,373.61 ,374.37 ,367.00 ,369.85 ,368.502655,40157000
2023-11-20,371.22 ,378.87 ,371.00 ,377.44 ,376.0650024,52465100
2023-11-21,375.67 ,376.22 ,371.12 ,373.07 ,371.710907,28423100
2023-11-22,378.00 ,379.79 ,374.97 ,377.85 ,376.4735107,23345300
2023-11-24,377.33 ,377.97 ,375.14 ,377.43 ,376.0549927,10176600
2023-11-27,376.78 ,380.64 ,376.20 ,378.61 ,377.2307129,22179200
2023-11-28,378.35 ,383.00 ,378.16 ,382.70 ,381.3058472,20453100
2023-11-29,383.76 ,384.30 ,377.44 ,378.85 ,377.4698486,28963400
2023-11-30,378.49 ,380.09 ,375.47 ,378.91 ,377.5296326,30554400
2023-12-01,376.76 ,378.16 ,371.31 ,374.51 ,373.1456604,33020400
2023-12-04,369.10 ,369.52 ,362.90 ,369.14 ,367.7952576,32063300
2023-12-05,366.45 ,373.08 ,365.62 ,372.52 ,371.1629028,23065000
2023-12-06,373.54 ,374.18 ,368.03 ,368.80 ,367.4564514,21182100
2023-12-07,368.23 ,371.45 ,366.32 ,370.95 ,369.5986328,23118900
2023-12-08,369.20 ,374.46 ,368.23 ,374.23 ,372.8666992,20144800
2023-12-11,368.48 ,371.60 ,366.10 ,371.30 ,369.9473267,27708800
2023-12-12,370.85 ,374.42 ,370.46 ,374.38 ,373.0161438,24838300
2023-12-13,376.02 ,377.64 ,370.77 ,374.37 ,373.0061646,30955500
2023-12-14,373.31 ,373.76 ,364.13 ,365.93 ,364.5969238,43277500
2023-12-15,366.85 ,372.40 ,366.28 ,370.73 ,369.3794556,78478200
2023-12-18,369.45 ,373.00 ,368.68 ,372.65 ,371.2924194,21802900
2023-12-19,371.49 ,373.26 ,369.84 ,373.26 ,371.900238,20603700
2023-12-20,375.00 ,376.03 ,370.53 ,370.62 ,369.2698364,26316700
2023-12-21,372.56 ,374.41 ,370.04 ,373.54 ,372.1792297,17708000
2023-12-22,373.68 ,375.18 ,372.71 ,374.58 ,373.2153931,17091100
2023-12-26,375.00 ,376.94 ,373.50 ,374.66 ,373.2951355,12673100
2023-12-27,373.69 ,375.06 ,372.81 ,374.07 ,372.7072754,14905400
2023-12-28,375.37 ,376.46 ,374.16 ,375.28 ,373.9128418,14327000
2023-12-29,376.00 ,377.16 ,373.48 ,376.04 ,374.6700745,18723000
2024-01-02,373.86 ,375.90 ,366.77 ,370.87 ,369.5189209,25258600
2024-01-03,369.01 ,373.26 ,368.51 ,370.60 ,369.2499084,23083500
2024-01-04,370.67 ,373.10 ,367.17 ,367.94 ,366.5995789,20901500
2024-01-05,368.97 ,372.06 ,366.50 ,367.75 ,366.4103088,20987000
2024-01-08,369.30 ,375.20 ,369.01 ,374.69 ,373.3250122,23134000
2024-01-09,372.01 ,375.99 ,371.19 ,375.79 ,374.4210205,20830000
2024-01-10,376.37 ,384.17 ,376.32 ,382.77 ,381.3755493,25514200
2024-01-11,386.00 ,390.68 ,380.38 ,384.63 ,383.2287903,27850800
2024-01-12,385.49 ,388.68 ,384.65 ,388.47 ,387.0548096,21645700
2024-01-16,393.66 ,394.03 ,387.62 ,390.27 ,388.8482361,27202300
2024-01-17,387.98 ,390.11 ,384.81 ,389.47 ,388.0511475,22234100
2024-01-18,391.72 ,393.99 ,390.12 ,393.87 ,392.4351196,23392100
2024-01-19,395.76 ,398.67 ,393.50 ,398.67 ,397.2176819,29272000
2024-01-22,400.02 ,400.62 ,393.59 ,396.51 ,395.0655212,27016900
2024-01-23,395.75 ,399.38 ,393.93 ,398.90 ,397.4468079,20525900
2024-01-24,401.54 ,405.63 ,400.45 ,402.56 ,401.0934753,24867000
2024-01-25,404.32 ,407.01 ,402.53 ,404.87 ,403.3950806,21021200
2024-01-26,404.37 ,406.17 ,402.43 ,403.93 ,402.4584961,17803300
2024-01-29,406.06 ,409.98 ,404.33 ,409.72 ,408.2273865,24510200
2024-01-30,412.26 ,413.05 ,406.45 ,408.59 ,407.1015015,33477600
2024-01-31,406.96 ,415.32 ,397.21 ,397.58 ,396.1316223,47871100
2024-02-01,401.83 ,408.00 ,401.80 ,403.78 ,402.3090515,30657700
2024-02-02,403.81 ,412.65 ,403.56 ,411.22 ,409.7219543,28245000
2024-02-05,409.90 ,411.16 ,403.99 ,405.65 ,404.1722412,25352300
2024-02-06,405.88 ,407.97 ,402.91 ,405.49 ,404.0127869,18382600
2024-02-07,407.44 ,414.30 ,407.40 ,414.05 ,412.5415955,22340500
2024-02-08,414.05 ,415.56 ,412.53 ,414.11 ,412.6013794,21225300
2024-02-09,415.25 ,420.82 ,415.09 ,420.55 ,419.0179138,22032800
2024-02-12,420.56 ,420.74 ,414.75 ,415.26 ,413.7472229,21202900
2024-02-13,404.94 ,410.07 ,403.39 ,406.32 ,404.8397827,27824900
2024-02-14,408.07 ,409.84 ,404.57 ,409.49 ,408.7527161,20401200
2024-02-15,408.14 ,409.13 ,404.29 ,406.56 ,405.8280029,21825500
2024-02-16,407.96 ,408.29 ,403.44 ,404.06 ,403.332489,22281100
2024-02-20,403.24 ,404.49 ,398.01 ,402.79 ,402.0647888,24307900
2024-02-21,400.17 ,402.29 ,397.22 ,402.18 ,401.4558716,18631100
2024-02-22,410.19 ,412.83 ,408.57 ,411.65 ,410.9088135,27009900
2024-02-23,415.67 ,415.86 ,408.97 ,410.34 ,409.6011963,16295900
2024-02-26,411.46 ,412.16 ,407.36 ,407.54 ,406.8062439,16193500
2024-02-27,407.99 ,408.32 ,403.85 ,407.48 ,406.7463379,14835800
2024-02-28,408.18 ,409.30 ,405.32 ,407.72 ,406.9859009,13183100
2024-02-29,408.64 ,414.20 ,405.92 ,413.64 ,412.8952637,31947300
2024-03-01,411.27 ,415.87 ,410.88 ,415.50 ,414.7518921,17800300
2024-03-04,413.44 ,417.35 ,412.32 ,414.92 ,414.1729736,17596000
2024-03-05,413.96 ,414.25 ,400.64 ,402.65 ,401.9250183,26919200
2024-03-06,402.97 ,405.16 ,398.39 ,402.09 ,401.3660278,22344100
2024-03-07,406.12 ,409.78 ,402.24 ,409.14 ,408.4033813,18718500
2024-03-08,407.96 ,410.42 ,404.33 ,406.22 ,405.4886169,17971700
2024-03-11,403.76 ,405.68 ,401.26 ,404.52 ,403.7916565,16120800
2024-03-12,407.62 ,415.57 ,406.79 ,415.28 ,414.5322876,22457000
2024-03-13,418.10 ,418.18 ,411.45 ,415.10 ,414.3526306,17115900
2024-03-14,420.24 ,427.82 ,417.99 ,425.22 ,424.4544067,34157300
2024-03-15,419.29 ,422.60 ,412.79 ,416.42 ,415.6702576,45049800
2024-03-18,414.25 ,420.73 ,413.78 ,417.32 ,416.568634,20106000
2024-03-19,417.83 ,421.67 ,415.55 ,421.41 ,420.6512756,19837900
2024-03-20,422.00 ,425.96 ,420.66 ,425.23 ,424.464386,17860100
2024-03-21,429.83 ,430.82 ,427.16 ,429.37 ,428.5969238,21296200
2024-03-22,429.70 ,429.86 ,426.07 ,428.74 ,427.9680481,17636500
2024-03-25,425.24 ,427.41 ,421.61 ,422.86 ,422.0986328,18060500
2024-03-26,425.61 ,425.99 ,421.35 ,421.65 ,420.8908081,16725600
2024-03-27,424.44 ,424.45 ,419.01 ,421.43 ,420.6712036,16705000
2024-03-28,420.96 ,421.87 ,419.12 ,420.72 ,419.9624939,21871200
2024-04-01,423.95 ,427.89 ,422.22 ,424.57 ,423.8055725,16316000
2024-04-02,420.11 ,422.38 ,417.84 ,421.44 ,420.6812134,17912000
2024-04-03,419.73 ,423.26 ,419.09 ,420.45 ,419.6929932,16502300
2024-04-04,424.99 ,428.67 ,417.57 ,417.88 ,417.1276245,19370900
2024-04-05,420.01 ,426.51 ,418.32 ,425.52 ,424.7538452,16544300
2024-04-08,425.17 ,427.28 ,423.30 ,424.59 ,423.825531,14272400
2024-04-09,426.44 ,427.74 ,421.62 ,426.28 ,425.5124817,12512300
2024-04-10,422.19 ,424.03 ,419.70 ,423.26 ,422.4979248,16216600
2024-04-11,425.82 ,429.37 ,422.36 ,427.93 ,427.1595154,17966400
2024-04-12,424.05 ,425.18 ,419.77 ,421.90 ,421.1403809,19232100
2024-04-15,426.60 ,426.82 ,413.43 ,413.64 ,412.8952637,20273500
2024-04-16,414.57 ,418.40 ,413.73 ,414.58 ,413.8335571,16765600
2024-04-17,417.25 ,418.88 ,410.33 ,411.84 ,411.0984802,15855500
2024-04-18,410.63 ,411.89 ,403.95 ,404.27 ,403.5421143,21029900
2024-04-19,404.03 ,405.48 ,397.77 ,399.12 ,398.4013977,30276500
2024-04-22,400.08 ,402.85 ,395.75 ,400.96 ,400.2380676,20286900
2024-04-23,404.24 ,408.20 ,403.06 ,407.57 ,406.8361816,15734500
2024-04-24,409.56 ,412.47 ,406.78 ,409.06 ,408.3234863,15065300
2024-04-25,394.03 ,399.89 ,388.03 ,399.04 ,398.3215332,40586500
2024-04-26,412.17 ,413.00 ,405.76 ,406.32 ,405.5884399,29694700
2024-04-29,405.25 ,406.32 ,399.19 ,402.25 ,401.5257568,19582100
2024-04-30,401.49 ,402.16 ,389.17 ,389.33 ,388.6289978,28781400
2024-05-01,392.61 ,401.72 ,390.31 ,394.94 ,394.2289124,23562500
2024-05-02,397.66 ,399.93 ,394.65 ,397.84 ,397.1236877,17709400
2024-05-03,402.28 ,407.15 ,401.86 ,406.66 ,405.9278259,17446700
2024-05-06,408.76 ,413.93 ,406.37 ,413.54 ,412.7954407,16996600
2024-05-07,414.66 ,414.67 ,409.09 ,409.34 ,408.6029968,20018200
2024-05-08,408.17 ,412.23 ,406.71 ,410.54 ,409.8008423,11792300
2024-05-09,410.57 ,412.72 ,409.10 ,412.32 ,411.5776367,14689700
2024-05-10,412.94 ,415.38 ,411.80 ,414.74 ,413.9932556,13402300
2024-05-13,418.01 ,418.35 ,410.82 ,413.72 ,412.9750977,15440200
2024-05-14,412.02 ,417.49 ,411.55 ,416.56 ,415.8099976,15109300
2024-05-15,417.90 ,423.81 ,417.27 ,423.08 ,423.0799866,22239500
2024-05-16,421.80 ,425.42 ,420.35 ,420.99 ,420.9899902,17530100
2024-05-17,422.54 ,422.92 ,418.03 ,420.21 ,420.2099915,15352200
2024-05-20,420.21 ,426.77 ,419.99 ,425.34 ,425.3399963,16272100
2024-05-21,426.83 ,432.97 ,424.85 ,429.04 ,429.0400085,21453300
2024-05-22,430.09 ,432.41 ,427.13 ,430.52 ,430.519989,18073700
2024-05-23,432.97 ,433.60 ,425.42 ,427.00 ,427,17211700
2024-05-24,427.19 ,431.06 ,424.41 ,430.16 ,430.1600037,11845800
2024-05-28,429.63 ,430.82 ,426.60 ,430.32 ,430.3200073,15718000
2024-05-29,425.69 ,430.94 ,425.69 ,429.17 ,429.1700134,15517100
2024-05-30,424.30 ,424.30 ,414.24 ,414.67 ,414.6700134,28424800
2024-05-31,416.75 ,416.75 ,404.51 ,415.13 ,415.1300049,47995300
2024-06-03,415.53 ,416.43 ,408.92 ,413.52 ,413.519989,17484700
2024-06-04,412.43 ,416.44 ,409.68 ,416.07 ,416.0700073,14348900
2024-06-05,417.81 ,424.08 ,416.30 ,424.01 ,424.0100098,16988000
2024-06-06,424.01 ,425.31 ,420.58 ,424.52 ,424.519989,14861300
2024-06-07,426.20 ,426.28 ,423.00 ,423.85 ,423.8500061,13621700
2024-06-10,424.70 ,428.08 ,423.89 ,427.87 ,427.8699951,14003000
2024-06-11,425.48 ,432.82 ,425.25 ,432.68 ,432.6799927,14551100
2024-06-12,435.32 ,443.40 ,433.25 ,441.06 ,441.0599976,22366200
2024-06-13,440.85 ,443.39 ,439.37 ,441.58 ,441.5799866,15960600
2024-06-14,438.28 ,443.14 ,436.72 ,442.57 ,442.5700073,13582000
2024-06-17,442.59 ,450.94 ,440.72 ,448.37 ,448.3699951,20790000
2024-06-18,449.71 ,450.14 ,444.89 ,446.34 ,446.3399963,17112500
2024-06-20,446.30 ,446.53 ,441.27 ,445.70 ,445.7000122,19877400
2024-06-21,447.38 ,450.58 ,446.51 ,449.78 ,449.7799988,34486200
2024-06-24,449.80 ,452.75 ,446.41 ,447.67 ,447.6700134,15913700
2024-06-25,448.25 ,451.42 ,446.75 ,450.95 ,450.9500122,16747500
2024-06-26,449.00 ,453.60 ,448.19 ,452.16 ,452.1600037,16507000
2024-06-27,452.18 ,456.17 ,451.77 ,452.85 ,452.8500061,14806300
2024-06-28,453.07 ,455.38 ,446.41 ,446.95 ,446.9500122,28333300
